dataset,n_seed_slopes,slope_loglog,ci95_lo,ci95_hi,ci_includes_zero
breast_cancer,50,-0.007310982197619668,-0.047658971080037596,0.03359745998563423,True
diabetes_binary,50,-0.034822153471338914,-0.08582820830348979,0.0165350445627937,True
digits,50,-0.023230477813674967,-0.08146315326792192,0.027945806511123206,True
iris,50,-3.7649482629541817e-16,-3.7649482629541817e-16,-3.7649482629541817e-16,False
wine,50,-0.34599000071093855,-0.592404369520324,-0.1375221380219484,False
