trials,anti_leakage,leaky,gap_difference
1,0.0022637141858839692,0.004964404262753241,0.002700690076869272
5,0.004790138015373813,0.006573418937805697,0.0017832809224318843
10,0.0037227026554856324,0.0072678633822501285,0.003545160726764496
20,0.0037227026554856324,0.0073257337526205,0.0036030310971348675
