scenario,gap_leaky,gap_partial,gap_anti_leakage,anti_vs_leaky_reduction_pct
S1_preprocess,-0.0038291984300481063,0.0028600175239491877,-0.002598352748778714,-123084.56812693925
S2_feature_select,0.23816525444310407,0.01723427183367345,-0.011024422468856203,104.62889622360505
S3_test_peeking,0.0027265213589114,-0.003784504509823752,0.002715792814344402,0.3934883741853964
S4_group_leakage,-0.0020777250539465576,0.017919755145850407,-0.002756692399936285,67896.73459897272
S5_temporal_leakage,0.000952693280958059,0.04499574630216186,-7.094416406667747e-06,100.74466951205255
S6_duplicate_leakage,-0.003005091494485537,-0.005131356263180802,-0.003491689488708978,48659.79942234411
