scenario,gap_leaky,gap_partial,gap_anti_leakage,absdiff_leaky_minus_anti,absdiff_partial_minus_anti
S1_preprocess,-0.0038291984300481,0.0028600175239491,-0.0025983527487787,-0.0012308456812693998,0.0054583702727278
S2_feature_select,0.238165254443104,0.0172342718336734,-0.0110244224688562,0.2491896769119602,0.0282586943025296
S3_test_peeking,0.0027265213589114,-0.0037845045098237,0.0027157928143444,1.0728544567000214e-05,-0.0065002973241681
S4_group_leakage,-0.0020777250539465,0.0179197551458504,-0.0027566923999362,0.0006789673459896999,0.0206764475457866
S5_temporal_leakage,0.000952693280958,0.0449957463021618,-7.094416406667747e-06,0.0009597876973646678,0.045002840718568464
S6_duplicate_leakage,-0.0030050914944855,-0.0051313562631808,-0.0034916894887089,0.00048659799422339986,-0.0016396667744719004
