scenario,n_seeds,mean_diff,ci95_lo_mean_diff,ci95_hi_mean_diff,cohen_dz,wilcoxon_stat,p_value,alpha
S1_preprocess,50,-0.0012308456812693924,-0.0093609705526049,0.006572786598891205,-0.042201071277175296,635.0,0.5114483858472152,0.05
S2_feature_select,50,0.24918967691196023,0.2208893942841071,0.2779332806936705,2.4256834147713913,1275.0,8.881784197001252e-16,0.05
S3_test_peeking,50,1.0728544566998011e-05,-0.011467373579935528,0.011971956086137386,0.00024990352636882553,624.0,0.5532764915146675,0.05
S4_group_leakage,50,0.0006789673459897271,-0.0106591635561826,0.011895024745585694,0.016492318088942477,678.0,0.3509182979725569,0.05
S5_temporal_leakage,50,0.0009597876973647268,-0.010546432229006157,0.011781453901042006,0.023227030257812867,654.0,0.439167153887448,0.05
S6_duplicate_leakage,50,0.00048659799422344106,-0.010420071935638429,0.01165145101342277,0.012099304422338756,670.0,0.3797162764669224,0.05
