dataset,protocol,n_seeds,mean_gap,sd_gap,ci95_gap_lo,ci95_gap_hi,mean_gap_pr,sd_gap_pr,ci95_gap_pr_lo,ci95_gap_pr_hi,bootstrap_method
higgs_label_shuffle,anti_leakage,15,0.0006327669827987292,0.0021338779345702343,-0.00043370520736967823,0.0016443107778373503,0.00021899019883591327,0.0022441032420817404,-0.0008628014141803509,0.001314951143471857,"percentile, n_boot=5000"
higgs_label_shuffle,leaky,15,0.001999616958550793,0.0014352612491329185,0.0012785763868292627,0.0026962299541614648,0.0018498276121605333,0.001485923292172569,0.0011286224181954138,0.0025822736785819536,"percentile, n_boot=5000"
